<?xml version="1.0" encoding="UTF-8"?>
<beans xmlns="http://www.springframework.org/schema/beans"
       xmlns:xsi="http://www.w3.org/2001/XMLSchema-instance"
       xmlns:context="http://www.springframework.org/schema/context"
       xmlns:tx="http://www.springframework.org/schema/tx"
       xmlns:datagraph="http://www.springframework.org/schema/data/graph"
       xsi:schemaLocation="
       http://www.springframework.org/schema/beans http://www.springframework.org/schema/beans/spring-beans-2.5.xsd
       http://www.springframework.org/schema/context http://www.springframework.org/schema/context/spring-context-2.5.xsd
       http://www.springframework.org/schema/tx http://www.springframework.org/schema/tx/spring-tx-2.5.xsd
       http://www.springframework.org/schema/data/graph http://www.springframework.org/schema/data/graph/datagraph-1.0.xsd ">
    <context:annotation-config />
    <context:spring-configured/>


    <datagraph:config storeDirectory="target/neo4j-db"/>
    <datagraph:repositories base-package="org.neo4j.examples.imdb.domain" graph-database-context-ref="graphDatabaseContext"/>

    <tx:annotation-driven mode="aspectj" transaction-manager="transactionManager"/>

    <bean class="org.springframework.context.annotation.ConfigurationClassPostProcessor"/>

	<bean id="imdbService" class="org.neo4j.examples.imdb.domain.ImdbServiceImpl" />
	<bean id="searchEngine" class="org.neo4j.examples.imdb.domain.ImdbSearchEngineImpl" />
	<bean id="imdbReader" class="org.neo4j.examples.imdb.parser.ImdbReaderImpl" />

	<!-- Web -->
	<bean id="viewResolver"
		class="org.springframework.web.servlet.view.InternalResourceViewResolver">
		<property name="viewClass" value="org.springframework.web.servlet.view.JstlView"/>
		<property name="prefix" value="/jsp/"/>
		<property name="suffix" value=".jsp"/>
	</bean>
	<bean name="/actor.html" class="org.neo4j.examples.imdb.web.FindController">
		<constructor-arg index="0" ref="findActor" />
		<property name="sessionForm" value="true" />
		<property name="commandName" value="findActor" />
		<property name="commandClass" value="org.neo4j.examples.imdb.web.ActorForm" />
		<property name="successView" value="movie-list" />
	</bean>
	<bean id="findActor" class="org.neo4j.examples.imdb.web.ActorFindControllerDelegate" />
	<bean name="/movie.html" class="org.neo4j.examples.imdb.web.FindController">
		<constructor-arg index="0" ref="findMovie" />
		<property name="sessionForm" value="true" />
		<property name="commandName" value="findMovie" />
		<property name="commandClass" value="org.neo4j.examples.imdb.web.MovieForm" />
		<property name="successView" value="actor-list" />
	</bean>
	<bean id="findMovie" class="org.neo4j.examples.imdb.web.MovieFindControllerDelegate" />
	<bean name="/setup.html" class="org.neo4j.examples.imdb.web.SetupController">
		<constructor-arg index="0" ref="imdbSetup" />
		<property name="sessionForm" value="true" />
		<property name="commandName" value="imdbSetup" />
		<property name="commandClass" value="org.neo4j.examples.imdb.web.SetupForm" />
		<property name="successView" value="setup-message" />
	</bean>
	<bean id="imdbSetup" class="org.neo4j.examples.imdb.web.ImdbSetupControllerDelegate" />
</beans>