<assembly>
	<id>src</id>
	<formats>
		<format>tar.gz</format>
		<format>zip</format>
	</formats>
	<fileSets>
		<fileSet>
			<includes>
				<include>README*</include>
				<include>LICENSE*</include>
				<include>NOTICE*</include>
				<include>pom.xml</include>
			</includes>
			<useDefaultExcludes>true</useDefaultExcludes>
		</fileSet>
		<fileSet>
			<directory>src</directory>
			<useDefaultExcludes>true</useDefaultExcludes>
			<excludes>
				<exclude>**/main/model/**</exclude>
				<exclude>**/main/assembly/**</exclude>
			</excludes>
		</fileSet>
	</fileSets>
</assembly>